rest,resource,http,base,path,method,entity
AlertaAdicionalRest,alertaadicional,PUT,/spring/alertas/alertaadicional,/validar/{accion},validar,AlertaAdicional
AlertaAdicionalRest,alertaadicional,GET,/spring/alertas/alertaadicional,/obtenerporid,obtenerPorId,AlertaAdicional
AlertaAdicionalRest,alertaadicional,POST,/spring/alertas/alertaadicional,/registrar,registrar,AlertaAdicional
AlertaAdicionalRest,alertaadicional,PUT,/spring/alertas/alertaadicional,/actualizar,actualizar,AlertaAdicional
AlertaAdicionalRest,alertaadicional,PUT,/spring/alertas/alertaadicional,/anular,anular,AlertaAdicional
AlertaAdicionalRest,alertaadicional,DELETE,/spring/alertas/alertaadicional,/eliminar,eliminar,AlertaAdicional
AlertaDestinoRest,alertadestino,PUT,/spring/alertas/alertadestino,/validar/{accion},validar,AlertaDestino
AlertaDestinoRest,alertadestino,GET,/spring/alertas/alertadestino,/obtenerporid,obtenerPorId,AlertaDestino
AlertaDestinoRest,alertadestino,POST,/spring/alertas/alertadestino,/registrar,registrar,AlertaDestino
AlertaDestinoRest,alertadestino,PUT,/spring/alertas/alertadestino,/actualizar,actualizar,AlertaDestino
AlertaDestinoRest,alertadestino,PUT,/spring/alertas/alertadestino,/anular,anular,AlertaDestino
AlertaDestinoRest,alertadestino,DELETE,/spring/alertas/alertadestino,/eliminar,eliminar,AlertaDestino
AlertaDetalleRest,alertadetalle,PUT,/spring/alertas/alertadetalle,/validar/{accion},validar,AlertaDetalle
AlertaDetalleRest,alertadetalle,GET,/spring/alertas/alertadetalle,/obtenerporid,obtenerPorId,AlertaDetalle
AlertaDetalleRest,alertadetalle,POST,/spring/alertas/alertadetalle,/registrar,registrar,AlertaDetalle
AlertaDetalleRest,alertadetalle,PUT,/spring/alertas/alertadetalle,/actualizar,actualizar,AlertaDetalle
AlertaDetalleRest,alertadetalle,PUT,/spring/alertas/alertadetalle,/anular,anular,AlertaDetalle
AlertaDetalleRest,alertadetalle,DELETE,/spring/alertas/alertadetalle,/eliminar,eliminar,AlertaDetalle
AlertaPlanRest,alertaplan,PUT,/spring/alertas/alertaplan,/validar/{accion},validar,AlertaPlan
AlertaPlanRest,alertaplan,GET,/spring/alertas/alertaplan,/obtenerporid,obtenerPorId,AlertaPlan
AlertaPlanRest,alertaplan,POST,/spring/alertas/alertaplan,/registrar,registrar,AlertaPlan
AlertaPlanRest,alertaplan,PUT,/spring/alertas/alertaplan,/actualizar,actualizar,AlertaPlan
AlertaPlanRest,alertaplan,PUT,/spring/alertas/alertaplan,/anular,anular,AlertaPlan
AlertaPlanRest,alertaplan,DELETE,/spring/alertas/alertaplan,/eliminar,eliminar,AlertaPlan
AlertaRest,alerta,PUT,/spring/alertas/alerta,/validar/{accion},validar,Alerta
AlertaRest,alerta,GET,/spring/alertas/alerta,/obtenerporid,obtenerPorId,Alerta
AlertaRest,alerta,POST,/spring/alertas/alerta,/registrar,registrar,Alerta
AlertaRest,alerta,PUT,/spring/alertas/alerta,/actualizar,actualizar,Alerta
AlertaRest,alerta,PUT,/spring/alertas/alerta,/anular,anular,Alerta
AlertaRest,alerta,DELETE,/spring/alertas/alerta,/eliminar,eliminar,Alerta
AlertaRest,alerta,POST,/spring/alertas/alerta,/evaluarReglaNegocioHilo,evaluarReglaNegocioHilo,Alerta
AlertaRest,alerta,POST,/spring/alertas/alerta,/extraerDataHilo,extraerDataHilo,Alerta
AlertaRest,alerta,POST,/spring/alertas/alerta,/crearAlertaHilo,crearAlertaHilo,Alerta
AlertaRest,alerta,POST,/spring/alertas/alerta,/crearCorreoHilo,crearCorreoHilo,Alerta
AlertaRest,alerta,POST,/spring/alertas/alerta,/envioCorreoMasivoHilo,envioCorreoMasivoHilo,Alerta
AlertaRest,alerta,PUT,/spring/alertas/alerta,/listarAlerta,listarAlerta,Alerta
AlertaRest,alerta,PUT,/spring/alertas/alerta,/listarAlertaDetalle,listarAlertaDetalle,Alerta
AlertaRest,alerta,PUT,/spring/alertas/alerta,/listarAlertaAdicional,listarAlertaAdicional,Alerta
AlertaRest,alerta,PUT,/spring/alertas/alerta,/listarAlertaDestino,listarAlertaDestino,Alerta
AlertaRest,alerta,PUT,/spring/alertas/alerta,/listarAlertaPlan,listarAlertaPlan,Alerta
AlertaRest,alerta,GET,/spring/alertas/alerta,/estavivo,estavivo,Alerta
AlineacionColumnaRest,alineacioncolumna,PUT,/spring/alertas/alineacioncolumna,/validar/{accion},validar,AlineacionColumna
AlineacionColumnaRest,alineacioncolumna,GET,/spring/alertas/alineacioncolumna,/obtenerporid,obtenerPorId,AlineacionColumna
AlineacionColumnaRest,alineacioncolumna,POST,/spring/alertas/alineacioncolumna,/registrar,registrar,AlineacionColumna
AlineacionColumnaRest,alineacioncolumna,PUT,/spring/alertas/alineacioncolumna,/actualizar,actualizar,AlineacionColumna
AlineacionColumnaRest,alineacioncolumna,PUT,/spring/alertas/alineacioncolumna,/anular,anular,AlineacionColumna
AlineacionColumnaRest,alineacioncolumna,DELETE,/spring/alertas/alineacioncolumna,/eliminar,eliminar,AlineacionColumna
AreaNegocioRest,areanegocio,PUT,/spring/alertas/areanegocio,/validar/{accion},validar,AreaNegocio
AreaNegocioRest,areanegocio,POST,/spring/alertas/areanegocio,/obtenerporid,obtenerPorId,AreaNegocio
AreaNegocioRest,areanegocio,POST,/spring/alertas/areanegocio,/registrar,registrar,AreaNegocio
AreaNegocioRest,areanegocio,POST,/spring/alertas/areanegocio,/listar,listar,AreaNegocio
AreaNegocioRest,areanegocio,PUT,/spring/alertas/areanegocio,/actualizar,actualizar,AreaNegocio
AreaNegocioRest,areanegocio,PUT,/spring/alertas/areanegocio,/anular,anular,AreaNegocio
AreaNegocioRest,areanegocio,DELETE,/spring/alertas/areanegocio,/eliminar,eliminar,AreaNegocio
AreaNegocioRest,areanegocio,POST,/spring/alertas/areanegocio,/listarAreasNegocio,listarActividades,AreaNegocio
AreaNegocioRest,areanegocio,PUT,/spring/alertas/areanegocio,/actualizarAreasNegocio,actualizarAreasNegocio,AreaNegocio
AreaNegocioRest,areanegocio,GET,/spring/alertas/areanegocio,/IdGeneradoSecuencia,CodigoGenCabecerea,AreaNegocio
AreaNegocioRest,areanegocio,POST,/spring/alertas/areanegocio,/RegistrarAreasNegocio,RegistrarAreasNegocio,AreaNegocio
AreaNegocioRest,areanegocio,PUT,/spring/alertas/areanegocio,/actualizarInactivar,actualizarInactivar,AreaNegocio
ColormastRest,colormast,PUT,/spring/alertas/colormast,/validar/{accion},validar,Colormast
ColormastRest,colormast,GET,/spring/alertas/colormast,/obtenerporid,obtenerPorId,Colormast
ColormastRest,colormast,POST,/spring/alertas/colormast,/registrar,registrar,Colormast
ColormastRest,colormast,PUT,/spring/alertas/colormast,/actualizar,actualizar,Colormast
ColormastRest,colormast,PUT,/spring/alertas/colormast,/anular,anular,Colormast
ColormastRest,colormast,DELETE,/spring/alertas/colormast,/eliminar,eliminar,Colormast
ColormastRest,colormast,PUT,/spring/alertas/colormast,/actualizarColorMast,actualizarColorMast,Colormast
ColormastRest,colormast,PUT,/spring/alertas/colormast,/registrarColorMast,registrarColorMast,Colormast
ColormastRest,colormast,PUT,/spring/alertas/colormast,/actualizarEstado,actualizarEstado,Colormast
ColormastRest,colormast,POST,/spring/alertas/colormast,/listarColores,listarColores,Colormast
ConexionBdRest,conexionbd,PUT,/spring/alertas/conexionbd,/validar/{accion},validar,ConexionBd
ConexionBdRest,conexionbd,GET,/spring/alertas/conexionbd,/obtenerporid,obtenerPorId,ConexionBd
ConexionBdRest,conexionbd,POST,/spring/alertas/conexionbd,/registrar,registrar,ConexionBd
ConexionBdRest,conexionbd,PUT,/spring/alertas/conexionbd,/actualizar,actualizar,ConexionBd
ConexionBdRest,conexionbd,PUT,/spring/alertas/conexionbd,/anular,anular,ConexionBd
ConexionBdRest,conexionbd,DELETE,/spring/alertas/conexionbd,/eliminar,eliminar,ConexionBd
ConfiguracionServicioRest,configuracionservicio,PUT,/spring/alertas/configuracionservicio,/validar/{accion},validar,ConfiguracionServicio
ConfiguracionServicioRest,configuracionservicio,GET,/spring/alertas/configuracionservicio,/obtenerporid,obtenerPorId,ConfiguracionServicio
ConfiguracionServicioRest,configuracionservicio,POST,/spring/alertas/configuracionservicio,/registrar,registrar,ConfiguracionServicio
ConfiguracionServicioRest,configuracionservicio,PUT,/spring/alertas/configuracionservicio,/actualizar,actualizar,ConfiguracionServicio
ConfiguracionServicioRest,configuracionservicio,PUT,/spring/alertas/configuracionservicio,/anular,anular,ConfiguracionServicio
ConfiguracionServicioRest,configuracionservicio,DELETE,/spring/alertas/configuracionservicio,/eliminar,eliminar,ConfiguracionServicio
ConfiguracionServicioRest,configuracionservicio,POST,/spring/alertas/configuracionservicio,/registrarConfiguracion,registrarConfiguracion,ConfiguracionServicio
ConfiguracionServicioRest,configuracionservicio,POST,/spring/alertas/configuracionservicio,/actualziarConfiguracion,actualziarConfiguracion,ConfiguracionServicio
ConfiguracionServicioRest,configuracionservicio,GET,/spring/alertas/configuracionservicio,/IdGeneradoSecuencia,CodigoGenCabecerea,ConfiguracionServicio
ConfiguracionServicioRest,configuracionservicio,GET,/spring/alertas/configuracionservicio,/listarConfiguracion,listarConfiguracion,ConfiguracionServicio
ConfiguracionServicioRest,configuracionservicio,POST,/spring/alertas/configuracionservicio,/enviarCorreoPrueba,enviarCorreoPrueba,ConfiguracionServicio
ConfiguracionServicioRest,configuracionservicio,POST,/spring/alertas/configuracionservicio,/guardarcorreo,guardarcorreo,ConfiguracionServicio
ConfiguracionServicioRest,configuracionservicio,POST,/spring/alertas/configuracionservicio,/crearcorreo,crearcorreo,ConfiguracionServicio
CorreoAdjuntoRest,correoadjunto,PUT,/spring/alertas/correoadjunto,/validar/{accion},validar,CorreoAdjunto
CorreoAdjuntoRest,correoadjunto,GET,/spring/alertas/correoadjunto,/obtenerporid,obtenerPorId,CorreoAdjunto
CorreoAdjuntoRest,correoadjunto,POST,/spring/alertas/correoadjunto,/registrar,registrar,CorreoAdjunto
CorreoAdjuntoRest,correoadjunto,PUT,/spring/alertas/correoadjunto,/actualizar,actualizar,CorreoAdjunto
CorreoAdjuntoRest,correoadjunto,PUT,/spring/alertas/correoadjunto,/listarCorreoAdjuntos,listarCorreoAdjuntos,CorreoAdjunto
CorreoAdjuntoRest,correoadjunto,DELETE,/spring/alertas/correoadjunto,/eliminar,eliminar,CorreoAdjunto
CorreoCuerpoRest,correocuerpo,PUT,/spring/alertas/correocuerpo,/validar/{accion},validar,CorreoCuerpo
CorreoCuerpoRest,correocuerpo,GET,/spring/alertas/correocuerpo,/obtenerporid,obtenerPorId,CorreoCuerpo
CorreoCuerpoRest,correocuerpo,POST,/spring/alertas/correocuerpo,/registrar,registrar,CorreoCuerpo
CorreoCuerpoRest,correocuerpo,PUT,/spring/alertas/correocuerpo,/actualizar,actualizar,CorreoCuerpo
CorreoCuerpoRest,correocuerpo,PUT,/spring/alertas/correocuerpo,/anular,anular,CorreoCuerpo
CorreoCuerpoRest,correocuerpo,DELETE,/spring/alertas/correocuerpo,/eliminar,eliminar,CorreoCuerpo
CorreoCuerpoRest,correocuerpo,PUT,/spring/alertas/correocuerpo,/cuerpoCorreo,cuerpoCorreo,CorreoCuerpo
CorreoDestinoRest,correodestino,PUT,/spring/alertas/correodestino,/validar/{accion},validar,CorreoDestino
CorreoDestinoRest,correodestino,GET,/spring/alertas/correodestino,/obtenerporid,obtenerPorId,CorreoDestino
CorreoDestinoRest,correodestino,POST,/spring/alertas/correodestino,/registrar,registrar,CorreoDestino
CorreoDestinoRest,correodestino,PUT,/spring/alertas/correodestino,/actualizar,actualizar,CorreoDestino
CorreoDestinoRest,correodestino,PUT,/spring/alertas/correodestino,/anular,anular,CorreoDestino
CorreoDestinoRest,correodestino,DELETE,/spring/alertas/correodestino,/eliminar,eliminar,CorreoDestino
CorreoDestinoRest,correodestino,PUT,/spring/alertas/correodestino,/listarCorrreoDestino,listarCorrreo,CorreoDestino
CorreoRest,correo,PUT,/spring/alertas/correo,/validar/{accion},validar,Correo
CorreoRest,correo,GET,/spring/alertas/correo,/obtenerporid,obtenerPorId,Correo
CorreoRest,correo,POST,/spring/alertas/correo,/registrar,registrar,Correo
CorreoRest,correo,PUT,/spring/alertas/correo,/actualizar,actualizar,Correo
CorreoRest,correo,PUT,/spring/alertas/correo,/anular,anular,Correo
CorreoRest,correo,DELETE,/spring/alertas/correo,/eliminar,eliminar,Correo
CorreoRest,correo,PUT,/spring/alertas/correo,/listarCorrreo,listarCorrreo,Correo
CorreoRest,correo,PUT,/spring/alertas/correo,/actualizarEstadosSeleccionados,actualizarEstadosSeleccionados,Correo
CorreoRest,correo,POST,/spring/alertas/correo,/enviarCorreoPrueba,enviarCorreoPrueba,Correo
CorreoRest,correo,POST,/spring/alertas/correo,/enviarCorreoRegular,enviarCorreoRegular,Correo
CorreoRest,correo,GET,/spring/alertas/correo,/comboreglanegocio,comboreglanegocio,Correo
CorreoRest,correo,POST,/spring/alertas/correo,/registrarexterno,registrarExterno,Correo
CorreoRest,correo,PUT,/spring/alertas/correo,/reenvioporreferencia,reenvioporreferencia,Correo
CorreoRest,correo,PUT,/spring/alertas/correo,/estadoporreferencia,estadoporreferencia,Correo
DiaSemanaRest,diasemana,PUT,/spring/alertas/diasemana,/validar/{accion},validar,DiaSemana
DiaSemanaRest,diasemana,GET,/spring/alertas/diasemana,/obtenerporid,obtenerPorId,DiaSemana
DiaSemanaRest,diasemana,POST,/spring/alertas/diasemana,/registrar,registrar,DiaSemana
DiaSemanaRest,diasemana,PUT,/spring/alertas/diasemana,/actualizar,actualizar,DiaSemana
DiaSemanaRest,diasemana,PUT,/spring/alertas/diasemana,/anular,anular,DiaSemana
DiaSemanaRest,diasemana,DELETE,/spring/alertas/diasemana,/eliminar,eliminar,DiaSemana
EjecucionlogRest,ejecucionlog,POST,/spring/alertas/ejecucionlog,/listar,listar,
EjecucionlogRest,ejecucionlog,POST,/spring/alertas/ejecucionlog,/limpiarDatod,limpiarInformativos,
EjecucionlogRest,ejecucionlog,POST,/spring/alertas/ejecucionlog,/registrar,registrar,
FrecuenciaMensualRest,frecuenciamensual,PUT,/spring/alertas/frecuenciamensual,/validar/{accion},validar,FrecuenciaMensual
FrecuenciaMensualRest,frecuenciamensual,GET,/spring/alertas/frecuenciamensual,/obtenerporid,obtenerPorId,FrecuenciaMensual
FrecuenciaMensualRest,frecuenciamensual,POST,/spring/alertas/frecuenciamensual,/registrar,registrar,FrecuenciaMensual
FrecuenciaMensualRest,frecuenciamensual,PUT,/spring/alertas/frecuenciamensual,/actualizar,actualizar,FrecuenciaMensual
FrecuenciaMensualRest,frecuenciamensual,PUT,/spring/alertas/frecuenciamensual,/anular,anular,FrecuenciaMensual
FrecuenciaMensualRest,frecuenciamensual,DELETE,/spring/alertas/frecuenciamensual,/eliminar,eliminar,FrecuenciaMensual
FrecuenciaProgramacionRest,frecuenciaprogramacion,PUT,/spring/alertas/frecuenciaprogramacion,/validar/{accion},validar,FrecuenciaProgramacion
FrecuenciaProgramacionRest,frecuenciaprogramacion,GET,/spring/alertas/frecuenciaprogramacion,/obtenerporid,obtenerPorId,FrecuenciaProgramacion
FrecuenciaProgramacionRest,frecuenciaprogramacion,POST,/spring/alertas/frecuenciaprogramacion,/registrar,registrar,FrecuenciaProgramacion
FrecuenciaProgramacionRest,frecuenciaprogramacion,PUT,/spring/alertas/frecuenciaprogramacion,/actualizar,actualizar,FrecuenciaProgramacion
FrecuenciaProgramacionRest,frecuenciaprogramacion,PUT,/spring/alertas/frecuenciaprogramacion,/anular,anular,FrecuenciaProgramacion
FrecuenciaProgramacionRest,frecuenciaprogramacion,DELETE,/spring/alertas/frecuenciaprogramacion,/eliminar,eliminar,FrecuenciaProgramacion
FrecuenciaRest,frecuencia,PUT,/spring/alertas/frecuencia,/validar/{accion},validar,Frecuencia
FrecuenciaRest,frecuencia,GET,/spring/alertas/frecuencia,/obtenerporid,obtenerPorId,Frecuencia
FrecuenciaRest,frecuencia,POST,/spring/alertas/frecuencia,/registrar,registrar,Frecuencia
FrecuenciaRest,frecuencia,PUT,/spring/alertas/frecuencia,/actualizar,actualizar,Frecuencia
FrecuenciaRest,frecuencia,PUT,/spring/alertas/frecuencia,/anular,anular,Frecuencia
FrecuenciaRest,frecuencia,DELETE,/spring/alertas/frecuencia,/eliminar,eliminar,Frecuencia
FrecuenciaTiempoRest,frecuenciatiempo,PUT,/spring/alertas/frecuenciatiempo,/validar/{accion},validar,FrecuenciaTiempo
FrecuenciaTiempoRest,frecuenciatiempo,GET,/spring/alertas/frecuenciatiempo,/obtenerporid,obtenerPorId,FrecuenciaTiempo
FrecuenciaTiempoRest,frecuenciatiempo,POST,/spring/alertas/frecuenciatiempo,/registrar,registrar,FrecuenciaTiempo
FrecuenciaTiempoRest,frecuenciatiempo,PUT,/spring/alertas/frecuenciatiempo,/actualizar,actualizar,FrecuenciaTiempo
FrecuenciaTiempoRest,frecuenciatiempo,PUT,/spring/alertas/frecuenciatiempo,/anular,anular,FrecuenciaTiempo
FrecuenciaTiempoRest,frecuenciatiempo,DELETE,/spring/alertas/frecuenciatiempo,/eliminar,eliminar,FrecuenciaTiempo
FuenteAlertaAdicionalRest,fuentealertaadicional,PUT,/spring/alertas/fuentealertaadicional,/validar/{accion},validar,FuenteAlertaAdicional
FuenteAlertaAdicionalRest,fuentealertaadicional,GET,/spring/alertas/fuentealertaadicional,/obtenerporid,obtenerPorId,FuenteAlertaAdicional
FuenteAlertaAdicionalRest,fuentealertaadicional,POST,/spring/alertas/fuentealertaadicional,/registrar,registrar,FuenteAlertaAdicional
FuenteAlertaAdicionalRest,fuentealertaadicional,PUT,/spring/alertas/fuentealertaadicional,/actualizar,actualizar,FuenteAlertaAdicional
FuenteAlertaAdicionalRest,fuentealertaadicional,PUT,/spring/alertas/fuentealertaadicional,/anular,anular,FuenteAlertaAdicional
FuenteAlertaAdicionalRest,fuentealertaadicional,DELETE,/spring/alertas/fuentealertaadicional,/eliminar,eliminar,FuenteAlertaAdicional
FuenteAlertaDetalleRest,fuentealertadetalle,PUT,/spring/alertas/fuentealertadetalle,/validar/{accion},validar,FuenteAlertaDetalle
FuenteAlertaDetalleRest,fuentealertadetalle,GET,/spring/alertas/fuentealertadetalle,/obtenerporid,obtenerPorId,FuenteAlertaDetalle
FuenteAlertaDetalleRest,fuentealertadetalle,POST,/spring/alertas/fuentealertadetalle,/registrar,registrar,FuenteAlertaDetalle
FuenteAlertaDetalleRest,fuentealertadetalle,PUT,/spring/alertas/fuentealertadetalle,/actualizar,actualizar,FuenteAlertaDetalle
FuenteAlertaDetalleRest,fuentealertadetalle,PUT,/spring/alertas/fuentealertadetalle,/anular,anular,FuenteAlertaDetalle
FuenteAlertaDetalleRest,fuentealertadetalle,DELETE,/spring/alertas/fuentealertadetalle,/eliminar,eliminar,FuenteAlertaDetalle
FuenteAlertaRest,fuentealerta,PUT,/spring/alertas/fuentealerta,/validar/{accion},validar,FuenteAlerta
FuenteAlertaRest,fuentealerta,GET,/spring/alertas/fuentealerta,/obtenerporid,obtenerPorId,FuenteAlerta
FuenteAlertaRest,fuentealerta,POST,/spring/alertas/fuentealerta,/registrar,registrar,FuenteAlerta
FuenteAlertaRest,fuentealerta,PUT,/spring/alertas/fuentealerta,/actualizar,actualizar,FuenteAlerta
FuenteAlertaRest,fuentealerta,PUT,/spring/alertas/fuentealerta,/anular,anular,FuenteAlerta
FuenteAlertaRest,fuentealerta,DELETE,/spring/alertas/fuentealerta,/eliminar,eliminar,FuenteAlerta
FuenteAlertaRest,fuentealerta,POST,/spring/alertas/fuentealerta,/listarFuenteAlerta,listarFuenteAlerta,FuenteAlerta
FuenteAlertaRest,fuentealerta,GET,/spring/alertas/fuentealerta,/listarReglaNegocio,listarReglaNegocio,FuenteAlerta
FuenteAlertaRest,fuentealerta,POST,/spring/alertas/fuentealerta,/eliminarFuenteAlerta,eliminarFuenteAlerta,FuenteAlerta
FuenteHistoriaRest,fuentehistoria,PUT,/spring/alertas/fuentehistoria,/validar/{accion},validar,FuenteHistoria
FuenteHistoriaRest,fuentehistoria,GET,/spring/alertas/fuentehistoria,/obtenerporid,obtenerPorId,FuenteHistoria
FuenteHistoriaRest,fuentehistoria,POST,/spring/alertas/fuentehistoria,/registrar,registrar,FuenteHistoria
FuenteHistoriaRest,fuentehistoria,PUT,/spring/alertas/fuentehistoria,/actualizar,actualizar,FuenteHistoria
FuenteHistoriaRest,fuentehistoria,PUT,/spring/alertas/fuentehistoria,/anular,anular,FuenteHistoria
FuenteHistoriaRest,fuentehistoria,DELETE,/spring/alertas/fuentehistoria,/eliminar,eliminar,FuenteHistoria
FuenteHistoriaRest,fuentehistoria,POST,/spring/alertas/fuentehistoria,/listar,listartodo,FuenteHistoria
FuenteHistoriaRest,fuentehistoria,POST,/spring/alertas/fuentehistoria,/inactivar,inactivar,FuenteHistoria
LogAdicionalRest,logadicional,PUT,/spring/alertas/logadicional,/validar/{accion},validar,LogAdicional
LogAdicionalRest,logadicional,GET,/spring/alertas/logadicional,/obtenerporid,obtenerPorId,LogAdicional
LogAdicionalRest,logadicional,POST,/spring/alertas/logadicional,/registrar,registrar,LogAdicional
LogAdicionalRest,logadicional,PUT,/spring/alertas/logadicional,/actualizar,actualizar,LogAdicional
LogAdicionalRest,logadicional,PUT,/spring/alertas/logadicional,/anular,anular,LogAdicional
LogAdicionalRest,logadicional,DELETE,/spring/alertas/logadicional,/eliminar,eliminar,LogAdicional
LogAlertaRest,logalerta,PUT,/spring/alertas/logalerta,/validar/{accion},validar,LogAlerta
LogAlertaRest,logalerta,GET,/spring/alertas/logalerta,/obtenerporid,obtenerPorId,LogAlerta
LogAlertaRest,logalerta,POST,/spring/alertas/logalerta,/registrar,registrar,LogAlerta
LogAlertaRest,logalerta,PUT,/spring/alertas/logalerta,/actualizar,actualizar,LogAlerta
LogAlertaRest,logalerta,PUT,/spring/alertas/logalerta,/anular,anular,LogAlerta
LogAlertaRest,logalerta,DELETE,/spring/alertas/logalerta,/eliminar,eliminar,LogAlerta
LogAlertaRest,logalerta,PUT,/spring/alertas/logalerta,/listarLogAlerta,listarLogAlerta,LogAlerta
LogAlertaRest,logalerta,PUT,/spring/alertas/logalerta,/listarLogAlertaDetalle,listarLogAlertaDetalle,LogAlerta
LogAlertaRest,logalerta,PUT,/spring/alertas/logalerta,/actualizarInactivar,actualizarInactivar,LogAlerta
LogAlertaRest,logalerta,PUT,/spring/alertas/logalerta,/listarLogAlertaAdicional,listarLogAlertaAdicional,LogAlerta
LogDetalleRest,logdetalle,PUT,/spring/alertas/logdetalle,/validar/{accion},validar,LogDetalle
LogDetalleRest,logdetalle,GET,/spring/alertas/logdetalle,/obtenerporid,obtenerPorId,LogDetalle
LogDetalleRest,logdetalle,POST,/spring/alertas/logdetalle,/registrar,registrar,LogDetalle
LogDetalleRest,logdetalle,PUT,/spring/alertas/logdetalle,/actualizar,actualizar,LogDetalle
LogDetalleRest,logdetalle,PUT,/spring/alertas/logdetalle,/anular,anular,LogDetalle
LogDetalleRest,logdetalle,DELETE,/spring/alertas/logdetalle,/eliminar,eliminar,LogDetalle
OrdenDiaRest,ordendia,PUT,/spring/alertas/ordendia,/validar/{accion},validar,OrdenDia
OrdenDiaRest,ordendia,GET,/spring/alertas/ordendia,/obtenerporid,obtenerPorId,OrdenDia
OrdenDiaRest,ordendia,POST,/spring/alertas/ordendia,/registrar,registrar,OrdenDia
OrdenDiaRest,ordendia,PUT,/spring/alertas/ordendia,/actualizar,actualizar,OrdenDia
OrdenDiaRest,ordendia,PUT,/spring/alertas/ordendia,/anular,anular,OrdenDia
OrdenDiaRest,ordendia,DELETE,/spring/alertas/ordendia,/eliminar,eliminar,OrdenDia
PerfilCorreoRest,perfilcorreo,PUT,/spring/alertas/perfilcorreo,/validar/{accion},validar,PerfilCorreo
PerfilCorreoRest,perfilcorreo,GET,/spring/alertas/perfilcorreo,/obtenerporid,obtenerPorId,PerfilCorreo
PerfilCorreoRest,perfilcorreo,POST,/spring/alertas/perfilcorreo,/registrar,registrar,PerfilCorreo
PerfilCorreoRest,perfilcorreo,PUT,/spring/alertas/perfilcorreo,/actualizar,actualizar,PerfilCorreo
PerfilCorreoRest,perfilcorreo,PUT,/spring/alertas/perfilcorreo,/anular,anular,PerfilCorreo
PerfilCorreoRest,perfilcorreo,DELETE,/spring/alertas/perfilcorreo,/eliminar,eliminar,PerfilCorreo
PrincipalRest,principal,PUT,/spring/alertas/principal,/validar/{accion},validar,
PrincipalRest,principal,GET,/spring/alertas/principal,/obtenerporid,obtenerPorId,
PrincipalRest,principal,GET,/spring/alertas/principal,/generarsecuencia,generarsecuencia,
PrincipalRest,principal,POST,/spring/alertas/principal,/registrar,registrar,
PrincipalRest,principal,PUT,/spring/alertas/principal,/actualizar,actualizar,
PrincipalRest,principal,PUT,/spring/alertas/principal,/anular,anular,
PrincipalRest,principal,DELETE,/spring/alertas/principal,/eliminar,eliminar,
PrincipalRest,principal,POST,/spring/alertas/principal,/eliminarAdicional,eliminarAdicional,
PrincipalRest,principal,POST,/spring/alertas/principal,/eliminarDetalle,eliminarDetalle,
PrincipalRest,principal,POST,/spring/alertas/principal,/eliminarPlanAccion,eliminarPlanAccion,
PrincipalRest,principal,POST,/spring/alertas/principal,/eliminarResponsable,eliminarResponsable,
PrincipalRest,principal,POST,/spring/alertas/principal,/eliminarProgramacion,eliminarProgramacion,
PrincipalRest,principal,POST,/spring/alertas/principal,/listar,listartodo,
PrincipalRest,principal,POST,/spring/alertas/principal,/listarProgramacion,listarProgramacion,
PrincipalRest,principal,POST,/spring/alertas/principal,/inactivar,inactivar,
PrincipalRest,principal,GET,/spring/alertas/principal,/comboareanegocio,comboareanegocio,
PrincipalRest,principal,GET,/spring/alertas/principal,/combocompania,combocompania,
PrincipalRest,principal,POST,/spring/alertas/principal,/listarColores,listarColores,
ProveedorBdRest,proveedorbd,PUT,/spring/alertas/proveedorbd,/validar/{accion},validar,ProveedorBd
ProveedorBdRest,proveedorbd,GET,/spring/alertas/proveedorbd,/obtenerporid,obtenerPorId,ProveedorBd
ProveedorBdRest,proveedorbd,POST,/spring/alertas/proveedorbd,/registrar,registrar,ProveedorBd
ProveedorBdRest,proveedorbd,PUT,/spring/alertas/proveedorbd,/actualizar,actualizar,ProveedorBd
ProveedorBdRest,proveedorbd,PUT,/spring/alertas/proveedorbd,/anular,anular,ProveedorBd
ProveedorBdRest,proveedorbd,DELETE,/spring/alertas/proveedorbd,/eliminar,eliminar,ProveedorBd
PublicoCorreoValidacionRest,correosvalidar,PUT,/spring/publico/correosvalidar,/validarEnviosCorreos,validarEnviosCorreos,
PublicoCorreoValidacionRest,correosvalidar,PUT,/spring/publico/correosvalidar,/listarCorrreoDestino,listarCorrreo,
PublicoCorreoValidacionRest,correosvalidar,PUT,/spring/publico/correosvalidar,/listarCorreoAdjuntos,listarCorreoAdjuntos,
PublicoCorreoValidacionRest,correosvalidar,PUT,/spring/publico/correosvalidar,/cuerpoCorreo,cuerpoCorreo,
ReglaNegocioAdicionalRest,reglanegocioadicional,PUT,/spring/alertas/reglanegocioadicional,/validar/{accion},validar,ReglaNegocioAdicional
ReglaNegocioAdicionalRest,reglanegocioadicional,GET,/spring/alertas/reglanegocioadicional,/obtenerporid,obtenerPorId,ReglaNegocioAdicional
ReglaNegocioAdicionalRest,reglanegocioadicional,POST,/spring/alertas/reglanegocioadicional,/registrar,registrar,ReglaNegocioAdicional
ReglaNegocioAdicionalRest,reglanegocioadicional,GET,/spring/alertas/reglanegocioadicional,/generarsecuencia,generarsecuencia,ReglaNegocioAdicional
ReglaNegocioAdicionalRest,reglanegocioadicional,PUT,/spring/alertas/reglanegocioadicional,/actualizar,actualizar,ReglaNegocioAdicional
ReglaNegocioAdicionalRest,reglanegocioadicional,PUT,/spring/alertas/reglanegocioadicional,/anular,anular,ReglaNegocioAdicional
ReglaNegocioAdicionalRest,reglanegocioadicional,DELETE,/spring/alertas/reglanegocioadicional,/eliminar,eliminar,ReglaNegocioAdicional
ReglaNegocioAdicionalRest,reglanegocioadicional,POST,/spring/alertas/reglanegocioadicional,/listar,listarAdicional,ReglaNegocioAdicional
ReglaNegocioDestinoRest,reglanegociodestino,PUT,/spring/alertas/reglanegociodestino,/validar/{accion},validar,ReglaNegocioDestino
ReglaNegocioDestinoRest,reglanegociodestino,GET,/spring/alertas/reglanegociodestino,/obtenerporid,obtenerPorId,ReglaNegocioDestino
ReglaNegocioDestinoRest,reglanegociodestino,POST,/spring/alertas/reglanegociodestino,/registrar,registrar,ReglaNegocioDestino
ReglaNegocioDestinoRest,reglanegociodestino,PUT,/spring/alertas/reglanegociodestino,/actualizar,actualizar,ReglaNegocioDestino
ReglaNegocioDestinoRest,reglanegociodestino,PUT,/spring/alertas/reglanegociodestino,/anular,anular,ReglaNegocioDestino
ReglaNegocioDestinoRest,reglanegociodestino,DELETE,/spring/alertas/reglanegociodestino,/eliminar,eliminar,ReglaNegocioDestino
ReglaNegocioDestinoRest,reglanegociodestino,POST,/spring/alertas/reglanegociodestino,/listar,listartodo,ReglaNegocioDestino
ReglaNegocioDestinoRest,reglanegociodestino,POST,/spring/alertas/reglanegociodestino,/listarSelectorEmp,listarSelectorEmp,ReglaNegocioDestino
ReglaNegocioDestinoRest,reglanegociodestino,POST,/spring/alertas/reglanegociodestino,/validarcorreoyausado,validarcorreoyausado,ReglaNegocioDestino
ReglaNegocioDetalleRest,reglanegociodetalle,PUT,/spring/alertas/reglanegociodetalle,/validar/{accion},validar,ReglaNegocioDetalle
ReglaNegocioDetalleRest,reglanegociodetalle,GET,/spring/alertas/reglanegociodetalle,/obtenerporid,obtenerPorId,ReglaNegocioDetalle
ReglaNegocioDetalleRest,reglanegociodetalle,POST,/spring/alertas/reglanegociodetalle,/registrar,registrar,ReglaNegocioDetalle
ReglaNegocioDetalleRest,reglanegociodetalle,PUT,/spring/alertas/reglanegociodetalle,/actualizar,actualizar,ReglaNegocioDetalle
ReglaNegocioDetalleRest,reglanegociodetalle,PUT,/spring/alertas/reglanegociodetalle,/anular,anular,ReglaNegocioDetalle
ReglaNegocioDetalleRest,reglanegociodetalle,DELETE,/spring/alertas/reglanegociodetalle,/eliminar,eliminar,ReglaNegocioDetalle
ReglaNegocioDetalleRest,reglanegociodetalle,POST,/spring/alertas/reglanegociodetalle,/listar,listartodo,ReglaNegocioDetalle
ReglaNegocioPlanRest,reglanegocioplan,PUT,/spring/alertas/reglanegocioplan,/validar/{accion},validar,ReglaNegocioPlan
ReglaNegocioPlanRest,reglanegocioplan,GET,/spring/alertas/reglanegocioplan,/obtenerporid,obtenerPorId,ReglaNegocioPlan
ReglaNegocioPlanRest,reglanegocioplan,POST,/spring/alertas/reglanegocioplan,/registrar,registrar,ReglaNegocioPlan
ReglaNegocioPlanRest,reglanegocioplan,PUT,/spring/alertas/reglanegocioplan,/actualizar,actualizar,ReglaNegocioPlan
ReglaNegocioPlanRest,reglanegocioplan,PUT,/spring/alertas/reglanegocioplan,/anular,anular,ReglaNegocioPlan
ReglaNegocioPlanRest,reglanegocioplan,DELETE,/spring/alertas/reglanegocioplan,/eliminar,eliminar,ReglaNegocioPlan
ReglaNegocioPlanRest,reglanegocioplan,POST,/spring/alertas/reglanegocioplan,/listar,listartodo,ReglaNegocioPlan
ReglaNegocioProgramacionRest,reglanegocioprogramacion,PUT,/spring/alertas/reglanegocioprogramacion,/validar/{accion},validar,ReglaNegocioProgramacion
ReglaNegocioProgramacionRest,reglanegocioprogramacion,GET,/spring/alertas/reglanegocioprogramacion,/obtenerporid,obtenerPorId,ReglaNegocioProgramacion
ReglaNegocioProgramacionRest,reglanegocioprogramacion,POST,/spring/alertas/reglanegocioprogramacion,/registrar,registrar,ReglaNegocioProgramacion
ReglaNegocioProgramacionRest,reglanegocioprogramacion,PUT,/spring/alertas/reglanegocioprogramacion,/actualizar,actualizar,ReglaNegocioProgramacion
ReglaNegocioProgramacionRest,reglanegocioprogramacion,PUT,/spring/alertas/reglanegocioprogramacion,/anular,anular,ReglaNegocioProgramacion
ReglaNegocioProgramacionRest,reglanegocioprogramacion,DELETE,/spring/alertas/reglanegocioprogramacion,/eliminar,eliminar,ReglaNegocioProgramacion
ReglaNegocioRest,reglanegocio,PUT,/spring/alertas/reglanegocio,/validar/{accion},validar,ReglaNegocio
ReglaNegocioRest,reglanegocio,GET,/spring/alertas/reglanegocio,/obtenerporid,obtenerPorId,ReglaNegocio
ReglaNegocioRest,reglanegocio,PUT,/spring/alertas/reglanegocio,/obtenerporidpost,obtenerPorIdPost,ReglaNegocio
ReglaNegocioRest,reglanegocio,GET,/spring/alertas/reglanegocio,/generarsecuencia,generarsecuencia,ReglaNegocio
ReglaNegocioRest,reglanegocio,POST,/spring/alertas/reglanegocio,/registrar,registrar,ReglaNegocio
ReglaNegocioRest,reglanegocio,PUT,/spring/alertas/reglanegocio,/actualizar,actualizar,ReglaNegocio
ReglaNegocioRest,reglanegocio,PUT,/spring/alertas/reglanegocio,/anular,anular,ReglaNegocio
ReglaNegocioRest,reglanegocio,DELETE,/spring/alertas/reglanegocio,/eliminar,eliminar,ReglaNegocio
ReglaNegocioRest,reglanegocio,POST,/spring/alertas/reglanegocio,/eliminarAdicional,eliminarAdicional,ReglaNegocio
ReglaNegocioRest,reglanegocio,PUT,/spring/alertas/reglanegocio,/anularAdicional,anularAdicional,ReglaNegocio
ReglaNegocioRest,reglanegocio,POST,/spring/alertas/reglanegocio,/eliminarDetalle,eliminarDetalle,ReglaNegocio
ReglaNegocioRest,reglanegocio,PUT,/spring/alertas/reglanegocio,/anularDetalle,anularDetalle,ReglaNegocio
ReglaNegocioRest,reglanegocio,POST,/spring/alertas/reglanegocio,/eliminarPlanAccion,eliminarPlanAccion,ReglaNegocio
ReglaNegocioRest,reglanegocio,PUT,/spring/alertas/reglanegocio,/anularPlanAccion,anularPlanAccion,ReglaNegocio
ReglaNegocioRest,reglanegocio,POST,/spring/alertas/reglanegocio,/eliminarResponsable,eliminarResponsable,ReglaNegocio
ReglaNegocioRest,reglanegocio,PUT,/spring/alertas/reglanegocio,/anularResponsable,anularResponsable,ReglaNegocio
ReglaNegocioRest,reglanegocio,POST,/spring/alertas/reglanegocio,/eliminarProgramacion,eliminarProgramacion,ReglaNegocio
ReglaNegocioRest,reglanegocio,PUT,/spring/alertas/reglanegocio,/anularProgramacion,anularProgramacion,ReglaNegocio
ReglaNegocioRest,reglanegocio,POST,/spring/alertas/reglanegocio,/listar,listartodo,ReglaNegocio
ReglaNegocioRest,reglanegocio,POST,/spring/alertas/reglanegocio,/listarProgramacion,listarProgramacion,ReglaNegocio
ReglaNegocioRest,reglanegocio,POST,/spring/alertas/reglanegocio,/inactivar,inactivar,ReglaNegocio
ReglaNegocioRest,reglanegocio,POST,/spring/alertas/reglanegocio,/actualizarInactivar,actualizarInactivar,ReglaNegocio
ReglaNegocioRest,reglanegocio,GET,/spring/alertas/reglanegocio,/comboareanegocio,comboareanegocio,ReglaNegocio
ReglaNegocioRest,reglanegocio,GET,/spring/alertas/reglanegocio,/combocompania,combocompania,ReglaNegocio
ReglaNegocioRest,reglanegocio,POST,/spring/alertas/reglanegocio,/listarColores,listarColores,ReglaNegocio
ReglaNegocioRest,reglanegocio,PUT,/spring/alertas/reglanegocio,/comparar,comparar,ReglaNegocio
ReglaNegocioRest,reglanegocio,PUT,/spring/alertas/reglanegocio,/ejecutar,ejecutar,ReglaNegocio
ReglaNegocioRest,reglanegocio,POST,/spring/alertas/reglanegocio,/listarlogs,listarlogs,ReglaNegocio
ReglaNegocioRest,reglanegocio,GET,/spring/alertas/reglanegocio,/obtenerHoraServidor,obtenerHoraServidor,ReglaNegocio
ReglaNegocioRest,reglanegocio,PUT,/spring/alertas/reglanegocio,/ejecutarstore,ejecutarstore,ReglaNegocio
ReglaNegocioRest,reglanegocio,PUT,/spring/alertas/reglanegocio,/loggeneraralerta,loggeneraralerta,ReglaNegocio
ReglaNegocioRest,reglanegocio,PUT,/spring/alertas/reglanegocio,/actualizarregla,actualizarregla,ReglaNegocio
ReglaNegocioRest,reglanegocio,POST,/spring/alertas/reglanegocio,/ejecucionmanual,ejecucionmanual,ReglaNegocio
ReglaNegocioRest,reglanegocio,POST,/spring/alertas/reglanegocio,/actualizarflggeneraralerta,actualizarflggeneraralerta,ReglaNegocio
TipoDatoRest,tipodato,PUT,/spring/alertas/tipodato,/validar/{accion},validar,TipoDato
TipoDatoRest,tipodato,GET,/spring/alertas/tipodato,/obtenerporid,obtenerPorId,TipoDato
TipoDatoRest,tipodato,POST,/spring/alertas/tipodato,/registrar,registrar,TipoDato
TipoDatoRest,tipodato,PUT,/spring/alertas/tipodato,/actualizar,actualizar,TipoDato
TipoDatoRest,tipodato,PUT,/spring/alertas/tipodato,/anular,anular,TipoDato
TipoDatoRest,tipodato,DELETE,/spring/alertas/tipodato,/eliminar,eliminar,TipoDato
TipoDestinoRest,tipodestino,PUT,/spring/alertas/tipodestino,/validar/{accion},validar,TipoDestino
TipoDestinoRest,tipodestino,GET,/spring/alertas/tipodestino,/obtenerporid,obtenerPorId,TipoDestino
TipoDestinoRest,tipodestino,POST,/spring/alertas/tipodestino,/registrar,registrar,TipoDestino
TipoDestinoRest,tipodestino,PUT,/spring/alertas/tipodestino,/actualizar,actualizar,TipoDestino
TipoDestinoRest,tipodestino,PUT,/spring/alertas/tipodestino,/anular,anular,TipoDestino
TipoDestinoRest,tipodestino,DELETE,/spring/alertas/tipodestino,/eliminar,eliminar,TipoDestino
TipoProgramacionRest,tipoprogramacion,PUT,/spring/alertas/tipoprogramacion,/validar/{accion},validar,TipoProgramacion
TipoProgramacionRest,tipoprogramacion,GET,/spring/alertas/tipoprogramacion,/obtenerporid,obtenerPorId,TipoProgramacion
TipoProgramacionRest,tipoprogramacion,POST,/spring/alertas/tipoprogramacion,/registrar,registrar,TipoProgramacion
TipoProgramacionRest,tipoprogramacion,PUT,/spring/alertas/tipoprogramacion,/actualizar,actualizar,TipoProgramacion
TipoProgramacionRest,tipoprogramacion,PUT,/spring/alertas/tipoprogramacion,/anular,anular,TipoProgramacion
TipoProgramacionRest,tipoprogramacion,DELETE,/spring/alertas/tipoprogramacion,/eliminar,eliminar,TipoProgramacion
